﻿<?xml version="1.0" encoding="utf-8"?>
<manifest identifier="_5vusnHujRkG_course_id" version="1.0" xmlns="http://www.imsproject.org/xsd/imscp_rootv1p1p2" xmlns:adlcp="http://www.adlnet.org/xsd/adlcp_rootv1p2" xmlns:xsi="http://www.w3.org/2001/XMLSchema-instance" xsi:schemaLocation="http://www.imsproject.org/xsd/imscp_rootv1p1p2 imscp_rootv1p1p2.xsd http://www.imsglobal.org/xsd/imsmd_rootv1p2p1 imsmd_rootv1p2p1.xsd http://www.adlnet.org/xsd/adlcp_rootv1p2 adlcp_rootv1p2.xsd">
  <metadata>
    <schema>ADL SCORM</schema>
    <schemaversion>1.2</schemaversion>
    <lom xmlns="http://www.imsglobal.org/xsd/imsmd_rootv1p2p1" xmlns:xsi="http://www.w3.org/2001/XMLSchema-instance" xsi:schemaLocation="http://www.imsglobal.org/xsd/imsmd_rootv1p2p1 imsmd_rootv1p2p1.xsd">
      <general>
        <title>
          <langstring xml:lang="x-none">SCORM Demo_v4</langstring>
        </title>
      </general>
      <lifecycle>
        <version>
          <langstring xml:lang="x-none">1</langstring>
        </version>
        <status>
          <source>
            <langstring xml:lang="x-none">LOMv1.0</langstring>
          </source>
          <value>
            <langstring xml:lang="x-none">Final</langstring>
          </value>
        </status>
      </lifecycle>
      <metametadata>
        <metadatascheme>ADL SCORM 1.2</metadatascheme>
      </metametadata>
      <educational>
        <typicallearningtime>
          <datetime>PT0H0M0S</datetime>
        </typicallearningtime>
      </educational>
      <rights>
        <cost>
          <source>
            <langstring xml:lang="x-none">LOMv1.0</langstring>
          </source>
          <value>
            <langstring xml:lang="x-none">yes</langstring>
          </value>
        </cost>
        <copyrightandotherrestrictions>
          <source>
            <langstring xml:lang="x-none">LOMv1.0</langstring>
          </source>
          <value>
            <langstring xml:lang="x-none">yes</langstring>
          </value>
        </copyrightandotherrestrictions>
      </rights>
    </lom>
  </metadata>
  <organizations default="SCORM_Demo_v4_ORG">
    <organization identifier="SCORM_Demo_v4_ORG">
      <title>SCORM Demo_v4</title>
      <item identifier="SCORM_Demo_SCO" isvisible="true" identifierref="__5vusnHujRkG_course_id_RES">
        <title>SCORM Demo_v4</title>
      </item>
    </organization>
  </organizations>
  <resources>
    <resource identifier="__5vusnHujRkG_course_id_RES" type="webcontent" href="index_lms.html" adlcp:scormtype="sco">
      <file href="story_content/thumbnail.jpg" />
      <file href="meta.xml" />
      <file href="story_content/user.js" />
      <file href="mobile/Shape5oDC2mNaQLP.png" />
      <file href="mobile/Shape6eZTYRBTvjQ.png" />
      <file href="mobile/Shape5x4Nuiz1maF.png" />
      <file href="mobile/Shape6eJuJn73tSw.png" />
      <file href="mobile/Shape5nmUABeM9px.png" />
      <file href="mobile/Shape6H3ekpFSkFu.png" />
      <file href="mobile/Shape5YM99tWu25k.png" />
      <file href="mobile/Shape6lL25U3cWB9.png" />
      <file href="mobile/Shape5YdsA3vpKj7.png" />
      <file href="mobile/Shape5oJTm8pAz2d.png" />
      <file href="mobile/Shape5y2tc3Yl5MR.png" />
      <file href="mobile/Shape5YnUOcBEVT0.png" />
      <file href="mobile/Shape5p4VzBOk7Lb.png" />
      <file href="mobile/Shape61cHGS2HpTA.png" />
      <file href="mobile/Shape6LiSwNDotKO.png" />
      <file href="mobile/Shape6VtZEIoIUKr.png" />
      <file href="mobile/Shape5a6LZIdV6q6.png" />
      <file href="mobile/Shape5mHVXk5Rva9.png" />
      <file href="html5/data/css/output.min.css" />
      <file href="html5/data/js/5be39Ois8VJ.js" />
      <file href="html5/data/js/5ccYXQk8MAY.js" />
      <file href="html5/data/js/5efIuVGzAE7.js" />
      <file href="html5/data/js/5jDEWaNLwpT.js" />
      <file href="html5/data/js/5oyTYg7Fu8i.js" />
      <file href="html5/data/js/5XOtCvgJWBY.js" />
      <file href="html5/data/js/60AhWMX4bcj.js" />
      <file href="html5/data/js/6atwLODuTDk.js" />
      <file href="html5/data/js/6BfADDQw2RU.js" />
      <file href="html5/data/js/6IVaSqbi8LT.js" />
      <file href="html5/data/js/data.js" />
      <file href="html5/data/js/frame.js" />
      <file href="html5/data/js/paths.js" />
      <file href="html5/lib/scripts/bootstrapper.min.js" />
      <file href="html5/lib/scripts/frame.desktop.min.js" />
      <file href="html5/lib/scripts/frame.mobile.min.js" />
      <file href="html5/lib/scripts/slides.min.js" />
      <file href="html5/lib/stylesheets/desktop.min.css" />
      <file href="html5/lib/stylesheets/mobile.min.css" />
      <file href="html5/lib/stylesheets/mobile-fonts/open-sans-bold.woff" />
      <file href="html5/lib/stylesheets/mobile-fonts/open-sans-light.woff" />
      <file href="html5/lib/stylesheets/mobile-fonts/open-sans-regular.woff" />
      <file href="analytics-frame.html" />
      <file href="story.html" />
      <file href="index_lms.html" />
      <file href="lms/AICCComm.html" />
      <file href="lms/blank.html" />
      <file href="lms/browsersniff.js" />
      <file href="lms/goodbye.html" />
      <file href="lms/scormdriver.js" />
    </resource>
  </resources>
</manifest>